text,label,source
Students will be able to define the parts of a plant cell.,0,anchor
Students will list the presidents of the Philippines in order.,0,anchor
Students will recall the formula for the area of a circle.,0,anchor
Students will identify the capital cities of ASEAN countries.,0,anchor
Students will name the layers of the earth.,0,anchor
Students will state the law of conservation of energy.,0,anchor
Students will label the parts of a microscope.,0,anchor
Students will match vocabulary words to their definitions.,0,anchor
Students will enumerate the branches of government.,0,anchor
Students will recognize the symbols used in a circuit diagram.,0,anchor
Students will identify the different parts of speech.,0,anchor
Students will recite the Philippine national anthem correctly.,0,anchor
Students will list the provinces in Region IV-A CALABARZON.,0,anchor
Students will name the different types of rocks.,0,anchor
Students will state Newton's three laws of motion.,0,anchor
Students will recall the multiplication table up to 12.,0,anchor
Students will identify the different food groups in the food pyramid.,0,anchor
Students will label the parts of the digestive system.,0,anchor
Students will enumerate the rights of a Filipino citizen under the Constitution.,0,anchor
Students will recognize common Filipino folk songs by their titles.,0,anchor
Students will list the materials needed for a simple science experiment.,0,anchor
Students will identify the different tenses of verbs in English.,0,anchor
Students will name the municipalities of Cavite province.,0,anchor
Students will recall the steps in the water cycle in order.,0,anchor
Students will match historical events to their corresponding dates.,0,anchor
Students will state the definition of density.,0,anchor
Students will identify basic first aid supplies in a kit.,0,anchor
Students will list the safety rules to be observed in the laboratory.,0,anchor
Students will name the parts of a computer system.,0,anchor
Students will list the basic components of a balanced meal.,0,anchor
Students will identify the different Philippine bills and coins.,0,anchor
Students will recall the dates of major Philippine historical events.,0,anchor
Students will state the basic postulates of cell theory.,0,anchor
Students will identify common punctuation marks and their uses.,0,anchor
Students will list the members of the periodic table's noble gases.,0,anchor
Students will name the different types of triangles.,0,anchor
Students will recall the steps in the research process.,0,anchor
Students will identify the different values taught in Edukasyon sa Pagpapakatao.,0,anchor
Students will label the parts of a flower.,0,anchor
Students will list the basic rules of basketball.,0,anchor
Students will name the different Filipino regional dialects.,0,anchor
Students will recall the formula for calculating simple interest.,0,anchor
Students will identify the different states of matter.,0,anchor
Students will state the definition of photosynthesis.,0,anchor
Students will list the parts of a business letter.,0,anchor
Students will recognize the flags of ASEAN member countries.,0,anchor
Students will name the tools used in basic gardening.,0,anchor
Students will identify the different parts of a computer system unit.,0,anchor
Students will list the different types of computer networks.,0,anchor
Students will name the components found on a motherboard.,0,anchor
Students will recall the basic HTML tags used in web pages.,0,anchor
Students will identify common file extensions and their associated programs.,0,anchor
Students will list the different types of software licenses.,0,anchor
Students will name the layers of the OSI model.,0,anchor
Students will recall basic keyboard shortcuts used in word processing.,0,anchor
Students will identify the different input and output devices.,0,anchor
Students will list the basic data types used in programming.,0,anchor
Students will name common cybersecurity threats such as viruses and malware.,0,anchor
Students will identify the icons found on a typical desktop interface.,0,anchor
Students will recall the steps to safely shut down a computer.,0,anchor
Students will list the different types of storage devices.,0,anchor
Students will name the basic components of a database table.,0,anchor
"At the end of the lesson, learners should be able to identify the parts of a URL.",0,anchor
Learners will recall the shortcut keys used in spreadsheet applications.,0,anchor
The students must be able to name the different topologies used in networking.,0,anchor
Mag-iidentify ang mga mag-aaral ng iba't ibang uri ng software.,0,anchor
Learners can list the common ports used in networking protocols.,0,anchor
The students should recall the basic syntax of a for-loop.,0,anchor
"At the end of the session, learners will identify malware types such as trojans and worms.",0,anchor
Learners will define key terms related to cloud computing.,0,anchor
The students must recall the acronym HTTP and what it stands for.,0,anchor
Learners should be able to name examples of application software.,0,anchor
Mga mag-aaral ay dapat matukoy ang mga bahagi ng isang website.,0,anchor
The students will list examples of input validation errors.,0,anchor
Learners will recall the standard file naming conventions used in programming.,0,anchor
"At the end of the lesson, students should identify common error messages in coding.",0,anchor
The students must list the basic Boolean operators used in logic.,0,anchor
Students will enumerate the different types of computer network topologies.,0,anchor
Learners will identify the basic input and output devices of a computer system.,0,anchor
The students should recite the preamble of the 1987 Philippine Constitution.,0,anchor
Learners will state the steps in the boot-up process of a computer.,0,anchor
"At the end of the lesson, learners should list the common HTML tags used in web development.",0,anchor
Mga mag-aaral ay dapat sabihin ang mga bahagi ng CPU.,0,anchor
The students will identify the parts of a database management system.,0,anchor
Learners can name the components of a URL.,0,anchor
Students should recall the difference between RAM and ROM by definition alone.,0,anchor
The students will identify the layers of the OSI model by name.,0,anchor
Students will be able to explain the water cycle in their own words.,1,anchor
Students will summarize the main events of the story.,1,anchor
Students will describe how photosynthesis works.,1,anchor
Students will interpret the meaning of a given graph.,1,anchor
Students will classify animals based on their habitats.,1,anchor
Students will compare and contrast mitosis and meiosis conceptually.,1,anchor
Students will discuss the causes of World War I.,1,anchor
Students will translate the given sentence into Filipino.,1,anchor
Students will paraphrase a paragraph from the textbook.,1,anchor
Students will illustrate the stages of the rock cycle.,1,anchor
Students will explain the significance of the EDSA People Power Revolution.,1,anchor
Students will describe the roles of the three branches of the Philippine government.,1,anchor
Students will summarize the plot of a Filipino short story.,1,anchor
Students will interpret data presented in a bar graph.,1,anchor
Students will discuss the effects of colonization on Philippine culture.,1,anchor
Students will explain the importance of the barangay in local governance.,1,anchor
Students will describe the life cycle of a butterfly.,1,anchor
Students will explain how the digestive system breaks down food.,1,anchor
Students will interpret the meaning of common Filipino idioms.,1,anchor
Students will summarize the key provisions of the Local Government Code.,1,anchor
Students will explain the difference between weather and climate.,1,anchor
Students will describe the process of cellular respiration.,1,anchor
Students will discuss the importance of proper waste segregation.,1,anchor
Students will explain the concept of supply and demand in simple terms.,1,anchor
Students will describe how vaccines help the immune system.,1,anchor
Students will interpret a simple map showing barangay boundaries.,1,anchor
Students will explain the meaning of a given proverb or salawikain.,1,anchor
Students will explain the difference between hardware and software.,1,anchor
Students will describe how data travels through a computer network.,1,anchor
Students will explain the purpose of an operating system.,1,anchor
Students will describe the function of RAM in a computer system.,1,anchor
Students will explain how a search engine retrieves information.,1,anchor
Students will describe the process of installing a software application.,1,anchor
Students will explain the difference between LAN and WAN.,1,anchor
Students will summarize the steps involved in the software development life cycle.,1,anchor
Students will describe how encryption protects data during transmission.,1,anchor
Students will explain the purpose of variables in programming.,1,anchor
Students will discuss the importance of backing up computer files regularly.,1,anchor
Students will describe how a spreadsheet formula calculates a result.,1,anchor
Students will explain the function of an IP address in networking.,1,anchor
Students will describe the difference between a database and a spreadsheet.,1,anchor
Students will explain the basic principles of responsible use of social media.,1,anchor
"At the end of the lesson, learners should be able to explain how a firewall protects a network.",1,anchor
Learners will describe the purpose of a flowchart in programming.,1,anchor
The students must be able to discuss why strong passwords are important.,1,anchor
Ipaliliwanag ng mga mag-aaral ang kahalagahan ng data privacy.,1,anchor
Learners can summarize the steps of the input-process-output model.,1,anchor
The students should explain the difference between compiling and interpreting code.,1,anchor
"At the end of the session, learners will describe how cookies are used by websites.",1,anchor
Learners will discuss the advantages of using cloud storage over local storage.,1,anchor
The students must explain the role of a server in a client-server architecture.,1,anchor
Learners should be able to describe the function of a router in a home network.,1,anchor
Mga mag-aaral ay dapat maipaliwanag ang proseso ng pag-debug ng programa.,1,anchor
The students will summarize the main features of an operating system.,1,anchor
Learners will explain why software updates are necessary for security.,1,anchor
"At the end of the lesson, students should discuss the ethical use of AI tools.",1,anchor
The students must describe the difference between a bug and a feature in software.,1,anchor
Students will explain the difference between LAN and WAN networks.,1,anchor
Learners can summarize the causes of the Philippine Revolution of 1896.,1,anchor
Students will describe how a relational database enforces data integrity.,1,anchor
Learners can explain the purpose of variables and constants in programming.,1,anchor
Students will interpret a simple flowchart representing a decision structure.,1,anchor
Mga mag-aaral ay dapat ipaliwanag ang kahalagahan ng OSI model sa networking.,1,anchor
Students will explain how normalization reduces data redundancy in a database.,1,anchor
Learners can describe the function of an operating system's task scheduler.,1,anchor
Students will paraphrase the key provisions of the Data Privacy Act of 2012.,1,anchor
Learners can explain the concept of object-oriented programming in their own words.,1,anchor
Students will solve quadratic equations using the quadratic formula.,2,anchor
Students will use the scientific method to conduct an experiment.,2,anchor
Students will demonstrate proper handwashing technique.,2,anchor
Students will apply grammar rules to correct sentences.,2,anchor
Students will calculate the area of irregular shapes.,2,anchor
Students will implement a simple sorting algorithm in code.,2,anchor
Students will construct a budget plan using given data.,2,anchor
Students will operate a Bunsen burner safely during the lab.,2,anchor
Students will practice long division using multi-digit numbers.,2,anchor
Students will execute the steps of a dance routine correctly.,2,anchor
Students will use a map to determine the distance between two towns.,2,anchor
Students will apply the Pythagorean theorem to solve real-world problems.,2,anchor
Students will conduct a simple titration experiment following procedure.,2,anchor
Students will write a formal letter following proper business format.,2,anchor
Students will compute the perimeter and area of a barangay plaza.,2,anchor
Students will apply proper subject-verb agreement in writing sentences.,2,anchor
Students will demonstrate correct CPR technique on a training mannequin.,2,anchor
Students will prepare a simple Filipino dish following a given recipe.,2,anchor
Students will use Microsoft Excel to compute basic statistical measures.,2,anchor
Students will apply the rules of divisibility to solve number problems.,2,anchor
Students will operate basic carpentry tools safely during a TLE activity.,2,anchor
Students will use appropriate measuring instruments to record rainfall data.,2,anchor
Students will apply the steps of the scientific method to a class investigation.,2,anchor
Students will demonstrate proper posture and form during a badminton serve.,2,anchor
Students will use a rubric to compute a peer's project score.,2,anchor
Students will convert given units of measurement from metric to English system.,2,anchor
Students will create a simple webpage using HTML and CSS.,2,anchor
Students will use spreadsheet formulas to compute a class average.,2,anchor
Students will write a basic program to calculate the sum of two numbers.,2,anchor
Students will set up a local area network using given equipment.,2,anchor
Students will apply proper formatting techniques in a word processing document.,2,anchor
Students will use a database management system to insert new records.,2,anchor
Students will troubleshoot common computer hardware issues following a checklist.,2,anchor
Students will apply basic debugging techniques to fix errors in code.,2,anchor
Students will use presentation software to create a multimedia slideshow.,2,anchor
Students will configure basic network settings on a router.,2,anchor
Students will apply loops and conditional statements in a sample program.,2,anchor
Students will use image editing software to resize and crop a photo.,2,anchor
Students will apply password security best practices when creating an account.,2,anchor
Students will use version control commands to commit changes to a repository.,2,anchor
Students will install and configure a basic antivirus program.,2,anchor
"At the end of the lesson, learners should be able to build a basic contact form using HTML.",2,anchor
Learners will use conditional logic to validate user input in a program.,2,anchor
The students must apply CSS styling to improve a webpage's layout.,2,anchor
Gagamitin ng mga mag-aaral ang spreadsheet upang kalkulahin ang kabuuang gastos.,2,anchor
Learners can configure a firewall rule to block unauthorized access.,2,anchor
The students should write a SQL query to retrieve specific records from a table.,2,anchor
"At the end of the session, learners will apply proper indentation when writing code.",2,anchor
Learners will set up an email account following proper security settings.,2,anchor
The students must use a flowchart to plan the logic of a simple program.,2,anchor
Learners should be able to apply file compression techniques to reduce file size.,2,anchor
Mga mag-aaral ay dapat magamit ang mga tool sa pag-edit ng litrato.,2,anchor
The students will implement a login form with basic input validation.,2,anchor
Learners will apply naming conventions when creating variables in code.,2,anchor
"At the end of the lesson, students should demonstrate how to back up files to cloud storage.",2,anchor
The students must use a project management tool to track team tasks.,2,anchor
Students will configure a basic IP addressing scheme for a small office network.,2,anchor
Learners can use loops and conditionals to solve a given programming problem.,2,anchor
Students will demonstrate how to create a normalized database schema from given requirements.,2,anchor
Learners will apply CSS styling rules to format a webpage layout.,2,anchor
Students can install and configure a local web server for testing applications.,2,anchor
Mga mag-aaral ay dapat gumamit ng SQL query para kumuha ng partikular na record.,2,anchor
Students will apply the steps of the software development life cycle to a mini project.,2,anchor
Learners can troubleshoot a computer that fails to connect to the internet.,2,anchor
Students will demonstrate proper crimping of a UTP cable for network connections.,2,anchor
Learners will apply Boolean logic to construct a database search query.,2,anchor
Students will differentiate between mitosis and meiosis.,3,anchor
Students will analyze the causes and effects of climate change.,3,anchor
Students will compare the themes of two literary works.,3,anchor
Students will examine the structure of a persuasive essay.,3,anchor
Students will categorize rocks based on their formation process.,3,anchor
Students will distinguish between fact and opinion in an article.,3,anchor
Students will investigate the relationship between supply and demand.,3,anchor
Students will deconstruct an argument to identify its assumptions.,3,anchor
Students will break down a chemical reaction into its component steps.,3,anchor
Students will contrast two economic systems based on given criteria.,3,anchor
Students will analyze the impact of Spanish colonization on Filipino identity.,3,anchor
Students will compare the leadership styles of two Philippine presidents.,3,anchor
Students will examine primary sources to determine bias in historical accounts.,3,anchor
Students will differentiate between renewable and non-renewable energy sources.,3,anchor
Students will analyze the structure of a persuasive speech for rhetorical devices.,3,anchor
Students will categorize plants based on their reproductive structures.,3,anchor
Students will examine survey data to identify trends in community needs.,3,anchor
Students will distinguish between cause and effect in a historical event.,3,anchor
Students will analyze the nutritional content of common Filipino meals.,3,anchor
Students will compare the economic policies of two ASEAN countries.,3,anchor
Students will investigate factors contributing to flooding in low-lying barangays.,3,anchor
Students will deconstruct a news article to identify fact from opinion.,3,anchor
Students will analyze character motivations in a Filipino novel.,3,anchor
Students will examine a budget proposal to identify areas of overspending.,3,anchor
Students will differentiate the types of sentences based on structure and function.,3,anchor
Students will analyze a given algorithm to determine its time complexity.,3,anchor
Students will compare the features of two different operating systems.,3,anchor
Students will examine a network diagram to identify potential bottlenecks.,3,anchor
Students will differentiate between structured and unstructured data.,3,anchor
Students will analyze a piece of code to identify logical errors.,3,anchor
Students will compare the security features of different web browsers.,3,anchor
Students will examine system logs to identify unauthorized access attempts.,3,anchor
Students will differentiate between relational and non-relational databases.,3,anchor
Students will analyze user requirements to determine appropriate software features.,3,anchor
Students will compare wired and wireless network technologies based on given criteria.,3,anchor
Students will investigate the causes of a network outage using diagnostic tools.,3,anchor
Students will examine a website's design to identify usability issues.,3,anchor
Students will differentiate between phishing and legitimate email messages.,3,anchor
Students will analyze a database schema to identify normalization issues.,3,anchor
Students will compare the performance of two different sorting algorithms.,3,anchor
"At the end of the lesson, learners should be able to analyze error logs to identify the source of a bug.",3,anchor
Learners will compare the efficiency of two different programming approaches.,3,anchor
The students must examine a system's architecture to identify single points of failure.,3,anchor
Susuriin ng mga mag-aaral ang mga panganib sa cybersecurity ng isang network.,3,anchor
Learners can differentiate between synchronous and asynchronous programming.,3,anchor
The students should analyze user feedback to identify common app usability problems.,3,anchor
"At the end of the session, learners will compare the trade-offs of different database indexing strategies.",3,anchor
Learners will investigate why a given webpage loads slowly.,3,anchor
The students must distinguish between client-side and server-side validation.,3,anchor
Learners should be able to examine a codebase to identify redundant functions.,3,anchor
Mga mag-aaral ay dapat suriin ang pagkakaiba ng mga uri ng cyber attacks.,3,anchor
The students will analyze traffic patterns to detect a possible DDoS attack.,3,anchor
Learners will compare the scalability of monolithic versus microservices architecture.,3,anchor
"At the end of the lesson, students should differentiate between software bugs and hardware failures.",3,anchor
The students must examine test results to identify which module is failing.,3,anchor
Students will differentiate between symmetric and asymmetric encryption algorithms.,3,anchor
Learners can analyze a given network diagram to identify potential points of failure.,3,anchor
Students will compare the efficiency of different sorting algorithms given a dataset.,3,anchor
Learners can examine a piece of code to identify logical errors causing incorrect output.,3,anchor
Students will break down a system's requirements into functional and non-functional components.,3,anchor
Mga mag-aaral ay dapat ihambing ang bentahe at disbentahe ng waterfall at agile methodology.,3,anchor
Students will analyze the trade-offs between relational and NoSQL databases for a given use case.,3,anchor
Learners can categorize cybersecurity threats based on their attack vectors.,3,anchor
Students will examine a company's IT infrastructure to identify security vulnerabilities.,3,anchor
Learners can compare the strengths and weaknesses of waterfall versus agile methodologies.,3,anchor
Students will evaluate the effectiveness of a given marketing strategy.,4,anchor
Students will critique a peer's essay based on a rubric.,4,anchor
Students will justify their position on a controversial issue.,4,anchor
Students will assess the validity of a scientific claim.,4,anchor
Students will judge the credibility of different historical sources.,4,anchor
Students will defend a chosen solution to an environmental problem.,4,anchor
Students will recommend improvements to an existing school policy.,4,anchor
Students will appraise the quality of a research study's methodology.,4,anchor
Students will rank the proposed solutions from most to least effective.,4,anchor
Students will argue for or against a given ethical dilemma.,4,anchor
Students will evaluate the effectiveness of the barangay's disaster preparedness plan.,4,anchor
Students will assess the reliability of online sources used in research.,4,anchor
Students will critique a classmate's oral presentation using a scoring rubric.,4,anchor
Students will judge which of two proposed solutions best addresses flooding.,4,anchor
Students will justify their stance on the use of plastic in packaging.,4,anchor
Students will evaluate the environmental impact of a proposed local project.,4,anchor
Students will assess the strengths and weaknesses of a persuasive essay.,4,anchor
Students will critique the fairness of a given classroom policy.,4,anchor
Students will judge the accuracy of a historical documentary's claims.,4,anchor
Students will evaluate the nutritional value of a school canteen menu.,4,anchor
Students will defend their chosen method for solving a math problem.,4,anchor
Students will assess the effectiveness of a public health campaign.,4,anchor
Students will rank possible solutions to traffic congestion in the town center.,4,anchor
Students will evaluate a peer's research paper for methodological soundness.,4,anchor
Students will argue whether a historical figure's actions were justified.,4,anchor
Students will evaluate the effectiveness of a given cybersecurity policy.,4,anchor
Students will assess the usability of a mobile application interface.,4,anchor
Students will critique a classmate's code based on programming best practices.,4,anchor
Students will judge which programming language best fits a given project.,4,anchor
Students will justify their choice of database structure for a given system.,4,anchor
Students will evaluate the reliability of a proposed network security plan.,4,anchor
Students will assess the quality of a website based on accessibility standards.,4,anchor
Students will critique the design of a user interface prototype.,4,anchor
Students will judge the effectiveness of a given data backup strategy.,4,anchor
Students will evaluate the pros and cons of cloud-based versus local storage.,4,anchor
Students will assess the ethical implications of a proposed data collection system.,4,anchor
Students will defend their chosen software architecture for a class project.,4,anchor
Students will rank different project management tools based on team needs.,4,anchor
Students will evaluate a peer's system documentation for completeness and clarity.,4,anchor
Students will judge whether a given app complies with data privacy requirements.,4,anchor
"At the end of the lesson, learners should be able to evaluate whether a given app meets accessibility standards.",4,anchor
Learners will assess the security risks of storing passwords in plain text.,4,anchor
The students must judge which cloud provider best fits a startup's needs.,4,anchor
Susuriin at bibigyang-halaga ng mga mag-aaral ang kahusayan ng isang website design.,4,anchor
Learners can critique a peer's code review comments for constructiveness.,4,anchor
The students should evaluate the trade-offs between speed and security in an app design.,4,anchor
"At the end of the session, learners will justify their choice of testing framework for a project.",4,anchor
Learners will assess whether a proposed system meets the client's requirements.,4,anchor
The students must evaluate the effectiveness of a given incident response plan.,4,anchor
Learners should be able to judge the maintainability of a given codebase.,4,anchor
Mga mag-aaral ay dapat husgahan ang kalidad ng isang mobile application.,4,anchor
The students will critique the accessibility of a website for users with disabilities.,4,anchor
Learners will evaluate whether an algorithm's output is accurate and efficient.,4,anchor
"At the end of the lesson, students should assess the reliability of a third-party API.",4,anchor
The students must judge which UI design better serves the target users.,4,anchor
Students will assess the effectiveness of a proposed disaster recovery plan for a school's IT system.,4,anchor
Learners can judge whether a given algorithm meets the time complexity requirements of a problem.,4,anchor
Students will critique a classmate's database design based on normalization principles.,4,anchor
Learners can evaluate the reliability of an open-source library before including it in a project.,4,anchor
Students will justify the choice of a particular programming language for a given system.,4,anchor
Mga mag-aaral ay dapat suriin ang kapaki-pakinabang ng isang mobile application interface.,4,anchor
Students will determine whether a proposed network topology adequately meets an office's scalability needs.,4,anchor
Learners can evaluate the ethical implications of collecting user data without explicit consent.,4,anchor
Students will assess the security risks of storing passwords in plain text versus hashed formats.,4,anchor
"Learners can recommend, with justification, the best cloud hosting provider for a small business.",4,anchor
Students will weigh the pros and cons of outsourcing IT support versus hiring an in-house team.,4,anchor
Learners can appraise the usability of a mobile application's user interface against accessibility standards.,4,anchor
Students will evaluate a vendor's proposal against the school division's technical requirements.,4,anchor
Learners can judge the credibility of a source before citing it in a research paper.,4,anchor
Students will design an original experiment to test a hypothesis.,5,anchor
Students will create a multimedia presentation about renewable energy.,5,anchor
Students will compose an original short story using given vocabulary.,5,anchor
Students will develop a business plan for a school enterprise.,5,anchor
Students will construct a working model of a simple machine.,5,anchor
Students will formulate a new theory to explain the observed data.,5,anchor
Students will produce an original artwork inspired by a historical era.,5,anchor
Students will devise a plan to reduce plastic waste in the community.,5,anchor
Students will invent a new tool to solve an everyday problem.,5,anchor
Students will draft a proposal for a new school program.,5,anchor
Students will design a community awareness campaign on proper waste segregation.,5,anchor
Students will create an original mobile app prototype to address a school need.,5,anchor
Students will compose an original kundiman-style song.,5,anchor
Students will develop a disaster preparedness plan for their barangay.,5,anchor
Students will design an infographic explaining climate change to younger students.,5,anchor
Students will create a business plan for a small sari-sari store enterprise.,5,anchor
Students will construct a scale model of a sustainable barangay layout.,5,anchor
Students will formulate an original research question for a science investigation.,5,anchor
Students will write and perform an original skit about bullying prevention.,5,anchor
Students will design a garden layout that maximizes limited barangay space.,5,anchor
Students will produce a short documentary film about local Cavite history.,5,anchor
Students will devise an original board game that teaches Philippine history.,5,anchor
Students will create a proposal for improving the school's recycling program.,5,anchor
Students will compose an original poem reflecting Filipino values.,5,anchor
Students will design a functional prototype using recycled materials.,5,anchor
Students will design and develop a functional mobile application prototype.,5,anchor
Students will create an original database system for a small business.,5,anchor
Students will develop a website that showcases a school's ICT programs.,5,anchor
Students will design a network infrastructure plan for a small office.,5,anchor
Students will build an original chatbot to answer frequently asked questions.,5,anchor
Students will formulate a cybersecurity plan for protecting school records.,5,anchor
Students will create a software prototype to automate a manual school process.,5,anchor
Students will design a user interface for a proposed inventory system.,5,anchor
Students will develop an original game using a beginner programming platform.,5,anchor
Students will construct a capstone project integrating hardware and software components.,5,anchor
Students will devise a data migration plan for transferring records to a new system.,5,anchor
Students will create a technical documentation manual for a developed system.,5,anchor
Students will design an e-commerce platform prototype for a local enterprise.,5,anchor
Students will formulate an original algorithm to solve a given computational problem.,5,anchor
Students will develop a training module for onboarding new ICT staff.,5,anchor
"At the end of the lesson, learners should be able to design and deploy a functional web application.",5,anchor
Learners will develop an original mobile app to solve a community problem.,5,anchor
The students must build a working prototype of an IoT-based monitoring system.,5,anchor
Gagawa ang mga mag-aaral ng orihinal na website para sa isang lokal na negosyo.,5,anchor
Learners can construct a REST API to serve data to a front-end application.,5,anchor
The students should design a database schema for a school library system.,5,anchor
"At the end of the session, learners will formulate a testing plan for a new software feature.",5,anchor
Learners will create an automated script to streamline a repetitive task.,5,anchor
The students must devise a disaster recovery plan for a school's IT infrastructure.,5,anchor
Learners should be able to develop a machine learning model to classify simple data.,5,anchor
Mga mag-aaral ay dapat lumikha ng sariling sistema para sa pag-track ng inventory.,5,anchor
The students will design a responsive website that works across different devices.,5,anchor
Learners will construct a network topology diagram for a proposed office setup.,5,anchor
"At the end of the lesson, students should build an original browser extension to solve a specific need.",5,anchor
The students must formulate a complete software requirements specification document.,5,anchor
Students will design and implement a fully functional inventory management system.,5,anchor
Learners can develop an original mobile application to address a community problem.,5,anchor
Students will formulate a comprehensive cybersecurity policy for a simulated organization.,5,anchor
Learners can construct a normalized database schema from scratch for a hospital management system.,5,anchor
Students will design an original network architecture for a multi-branch school system.,5,anchor
Mga mag-aaral ay dapat lumikha ng isang solusyon sa problema ng optimization gamit ang bagong algorithm.,5,anchor
Students will build a working prototype of an IoT-based attendance monitoring system.,5,anchor
Learners can devise a testing plan to validate a newly developed software system.,5,anchor
Students will create an original capstone proposal integrating machine learning into a DepEd process.,5,anchor
Learners can develop a data migration strategy for moving a legacy system to the cloud.,5,anchor
